{
  "project_info": {
    "project_number": "825237982266",
    "firebase_url": "https://ecommerce-app-f85ed-default-rtdb.firebaseio.com",
    "project_id": "ecommerce-app-f85ed",
    "storage_bucket": "ecommerce-app-f85ed.appspot.com"
  },
  "client": [
    {
      "client_info": {
        "mobilesdk_app_id": "1:825237982266:android:8e00edc48b8f90a0a93903",
        "android_client_info": {
          "package_name": "com.example.ecommerceapp"
        }
      },
      "oauth_client": [
        {
          "client_id": "825237982266-rfvdtt7e13h5isvgikmp87kmnoh0agmg.apps.googleusercontent.com",
          "client_type": 3
        }
      ],
      "api_key": [
        {
          "current_key": "AIzaSyAREsraBmWJ3ivHQYfrf2So-wuTuKJ5I5U"
        }
      ],
      "services": {
        "appinvite_service": {
          "other_platform_oauth_client": [
            {
              "client_id": "825237982266-rfvdtt7e13h5isvgikmp87kmnoh0agmg.apps.googleusercontent.com",
              "client_type": 3
            }
          ]
        }
      }
    },
    {
      "client_info": {
        "mobilesdk_app_id": "1:825237982266:android:bd71d73bdd953d08a93903",
        "android_client_info": {
          "package_name": "com.example.ecommerceapplication"
        }
      },
      "oauth_client": [
        {
          "client_id": "825237982266-rfvdtt7e13h5isvgikmp87kmnoh0agmg.apps.googleusercontent.com",
          "client_type": 3
        }
      ],
      "api_key": [
        {
          "current_key": "AIzaSyAREsraBmWJ3ivHQYfrf2So-wuTuKJ5I5U"
        }
      ],
      "services": {
        "appinvite_service": {
          "other_platform_oauth_client": [
            {
              "client_id": "825237982266-rfvdtt7e13h5isvgikmp87kmnoh0agmg.apps.googleusercontent.com",
              "client_type": 3
            }
          ]
        }
      }
    }
  ],
  "configuration_version": "1"
}